date,confirmed_sum,differ_confirmed,average,label
2020-01-22,1,1,1,0
2020-01-23,1,0,0.5,1
2020-01-24,2,1,0.666666667,0
2020-01-25,2,0,0.5,1
2020-01-26,5,3,1,0
2020-01-27,5,0,0.833333333,0
2020-01-28,5,0,0.714285714,1
2020-01-29,6,1,0.75,0
2020-01-30,6,0,0.666666667,1
2020-01-31,8,2,0.8,0
2020-02-01,8,0,0.727272727,0
2020-02-02,8,0,0.666666667,1
2020-02-03,11,3,0.846153846,0
2020-02-04,11,0,0.785714286,0
2020-02-05,11,0,0.714285714,1
2020-02-06,12,1,0.785714286,0
2020-02-07,12,0,0.714285714,0
2020-02-08,12,0,0.714285714,0
2020-02-09,12,0,0.5,0
2020-02-10,12,0,0.5,1
2020-02-11,13,1,0.571428571,0
2020-02-12,13,0,0.5,1
2020-02-13,14,1,0.571428571,0
2020-02-14,14,0,0.428571429,0
2020-02-15,14,0,0.428571429,0
2020-02-16,14,0,0.428571429,0
2020-02-17,14,0,0.214285714,0
2020-02-18,14,0,0.214285714,0
2020-02-19,14,0,0.214285714,0
2020-02-20,14,0,0.142857143,1
2020-02-21,16,2,0.285714286,0
2020-02-22,16,0,0.285714286,0
2020-02-23,16,0,0.285714286,0
2020-02-24,16,0,0.285714286,0
2020-02-25,16,0,0.214285714,0
2020-02-26,16,0,0.214285714,1
2020-02-27,17,1,0.214285714,0
2020-02-28,17,0,0.214285714,1
2020-02-29,25,8,0.785714286,1
2020-03-01,32,7,1.285714286,1
2020-03-02,55,23,2.928571429,1
2020-03-03,74,19,4.285714286,1
2020-03-04,107,33,6.642857143,1
2020-03-05,184,77,12.14285714,1
2020-03-06,237,53,15.78571429,1
2020-03-07,403,166,27.64285714,1
2020-03-08,519,116,35.92857143,1
2020-03-09,594,75,41.28571429,1
2020-03-10,782,188,54.71428571,1
2020-03-11,1147,365,80.78571429,1
2020-03-12,1586,439,112.0714286,1
2020-03-13,2219,633,157.2857143,1
2020-03-14,2978,759,210.9285714,1
2020-03-15,3212,234,227.1428571,1
2020-03-16,4679,1467,330.2857143,1
2020-03-17,6512,1833,459.8571429,1
2020-03-18,9169,2657,647.2857143,1
2020-03-19,13663,4494,962.7857143,1
2020-03-20,20030,6367,1413.785714,1
2020-03-21,26025,5995,1830.142857,1
2020-03-22,34944,8919,2458.928571,1
2020-03-23,46096,11152,3250.142857,1
2020-03-24,56714,10618,3995.142857,1
2020-03-25,68841,12127,4835.285714,1
2020-03-26,86662,17821,6076.857143,1
2020-03-27,105253,18591,7359.571429,1
2020-03-28,127417,22164,8888.5,1
2020-03-29,143544,16127,10023.71429,1
2020-03-30,165698,22154,11501.35714,1
2020-03-31,192079,26381,13254.78571,1
2020-04-01,227903,35824,15623.85714,1
2020-04-02,260183,32280,17608.57143,1
2020-04-03,292630,32447,19471.42857,1
2020-04-04,324340,31710,21308.21429,1
2020-04-05,353117,28777,22726.64286,1
2020-04-06,385110,31993,24215.28571,1
2020-04-07,415256,30146,25610.14286,1
2020-04-08,446500,31244,26975.64286,1
2020-04-09,482526,36026,28276,1
2020-04-10,516707,34181,29389.57143,0
2020-04-11,545693,28986,29876.85714,0
2020-04-12,571551,25858,30571.92857,0
2020-04-13,598794,27243,30935.42857,0
2020-04-14,627306,28512,31087.64286,0
2020-04-15,653669,26363,30411.85714,0
2020-04-16,683351,29682,30226.28571,0
2020-04-17,716508,33157,30277,0
2020-04-18,743857,27349,29965.5,0
2020-04-19,768888,25031,29697.92857,0
2020-04-20,799531,30643,29601.5,0
2020-04-21,825478,25947,29301.57143,0
2020-04-22,855445,29967,29210.35714,0
2020-04-23,887523,32078,28928.35714,0
2020-04-24,919014,31491,28736.21429,0
2020-04-25,949640,30626,28853.35714,0
2020-04-26,975537,25897,28856.14286,0
2020-04-27,1000230,24693,28674,0
2020-04-28,1024834,24604,28394.85714,0
2020-04-29,1051643,26809,28426.71429,0
2020-04-30,1081150,29507,28414.21429,1
2020-05-01,1115972,34822,28533.14286,0
2020-05-02,1142619,26647,28483,0
2020-05-03,1166189,23570,28378.64286,0
2020-05-04,1190240,24051,27907.78571,0
2020-05-05,1214321,24081,27774.5,0
2020-05-06,1238694,24373,27374.92857,0
2020-05-07,1266904,28210,27098.64286,0
2020-05-08,1294111,27207,26792.64286,0
2020-05-09,1318358,24247,26337,0
2020-05-10,1337061,18703,25823.14286,0
2020-05-11,1356283,19222,25432.35714,0
2020-05-12,1379661,23378,25344.78571,0
2020-05-13,1399662,20001,24858.5,0
2020-05-14,1425539,25877,24599.21429,0
2020-05-15,1449938,24399,23854.71429,0
2020-05-16,1473806,23868,23656.21429,0
2020-05-17,1492449,18643,23304.28571,0
2020-05-18,1514833,22384,23185.21429,0
2020-05-19,1535591,20758,22947.85714,0
2020-05-20,1558430,22839,22838.28571,0
2020-05-21,1583542,25112,22617,0
2020-05-22,1607464,23922,22382.35714,0
2020-05-23,1627392,19928,22073.85714,0
2020-05-24,1647513,20121,22175.14286,0
2020-05-25,1666699,19186,22172.57143,0
2020-05-26,1685395,18696,21838.14286,0
2020-05-27,1704200,18805,21752.71429,0
2020-05-28,1725329,21129,21413.57143,1
2020-05-29,1750066,24737,21437.71429,0
2020-05-30,1772783,22717,21355.5,0
2020-05-31,1791547,18764,21364.14286,0
2020-06-01,1809384,17837,21039.35714,0
2020-06-02,1829340,19956,20982.07143,0
2020-06-03,1848388,19048,20711.28571,1
2020-06-04,1876099,27711,20896.92857,1
2020-06-05,1902280,26181,21058.28571,0
2020-06-06,1922433,20153,21074.35714,0
2020-06-07,1940242,17809,20909.21429,0
2020-06-08,1957154,16912,20746.78571,0
2020-06-09,1977478,20324,20863.07143,0
2020-06-10,1999224,21746,21073.14286,0
2020-06-11,2021527,22303,21157,1
2020-06-12,2047082,25555,21215.42857,1
2020-06-13,2071218,24136,21316.78571,0
2020-06-14,2090171,18953,21330.28571,0
2020-06-15,2111266,21095,21563,1
2020-06-16,2135894,24628,21896.71429,1
2020-06-17,2162973,27079,22470.35714,1
2020-06-18,2191211,28238,22508,1
2020-06-19,2222207,30996,22851.92857,1
2020-06-20,2254073,31866,23688.57143,0
2020-06-21,2279932,25859,24263.57143,1
2020-06-22,2309921,29989,25197.64286,1
2020-06-23,2348750,38829,26519.42857,1
2020-06-24,2385029,36279,27557.5,1
2020-06-25,2424386,39357,28775.64286,1
2020-06-26,2473472,49086,30456.42857,1
2020-06-27,2514305,40833,31649.07143,1
2020-06-28,2557223,42918,33360.85714,1
2020-06-29,2598741,41518,34819.64286,1
2020-06-30,2648797,50056,36635.92857,1
2020-07-01,2698127,49330,38225.28571,1
2020-07-02,2753211,55084,40142.85714,1
2020-07-03,2804869,51658,41618.71429,1
2020-07-04,2850893,46024,42630,1
2020-07-05,2904843,53950,44636.5,0
2020-07-06,2948475,43632,45611,1
2020-07-07,3005888,57413,46938.42857,1
2020-07-08,3066392,60504,48668.78571,1
2020-07-09,3126224,59832,50131.28571,1
2020-07-10,3194746,68522,51519.57143,1
2020-07-11,3255187,60441,52920.14286,1
2020-07-12,3315407,60220,54156,1
2020-07-13,3375032,59625,55449.35714,1
2020-07-14,3440789,65757,56570.85714,1
2020-07-15,3507088,66299,57782.92857,1
2020-07-16,3577862,70774,58903.64286,1
2020-07-17,3644284,66422,59958.21429,0
2020-07-18,3708609,64325,61265.42857,0
2020-07-19,3767602,58993,61625.64286,0
2020-07-20,3828458,60856,62855.92857,0
2020-07-21,3896753,68295,63633.21429,0
2020-07-22,3964203,67450,64129.35714,0
2020-07-23,4031970,67767,64696.14286,1
2020-07-24,4106919,74949,65155.21429,0
2020-07-25,4170674,63755,65391.92857,0
2020-07-26,4226305,55631,65064.14286,0
2020-07-27,4286302,59997,65090.71429,0
2020-07-28,4350866,64564,65005.5,0
2020-07-29,4414918,64052,64845,0
2020-07-30,4484122,69204,64732.85714,0
2020-07-31,4548497,64375,64586.64286,0
2020-08-01,4605921,57424,64093.71429,0
2020-08-02,4652810,46889,63229.14286,0
2020-08-03,4694706,41896,61874.85714,0
2020-08-04,4756327,61621,61398.14286,0
2020-08-05,4810464,54137,60447.21429,0
2020-08-06,4870500,60036,59895,0
2020-08-07,4930941,60441,58858.71429,0
2020-08-08,4994708,63767,58859.57143,0
2020-08-09,5048871,54163,58754.71429,0
2020-08-10,5100508,51637,58157.57143,0
2020-08-11,5157384,56876,57608.42857,0
2020-08-12,5212606,55222,56977.71429,0
2020-08-13,5264052,51446,55709.28571,1
2020-08-14,5334124,70072,56116.21429,0
2020-08-15,5386449,52325,55752,0
2020-08-16,5421026,34577,54872.57143,0
2020-08-17,5459023,37997,54594.07143,0
2020-08-18,5503998,44975,53405.07143,0
2020-08-19,5549913,45915,52817.78571,0
2020-08-20,5595048,45135,51753.42857,0
2020-08-21,5642948,47900,50857.64286,0
2020-08-22,5688219,45271,49536.5,0
2020-08-23,5720122,31903,47946.5,0
2020-08-24,5754213,34091,46693.21429,0
2020-08-25,5796775,42562,45670.78571,0
2020-08-26,5838967,42192,44740.07143,1
2020-08-27,5889404,50437,44668,0
2020-08-28,5935724,46320,42971.42857,0
2020-08-29,5978795,43071,42310.42857,0
2020-08-30,6012963,34168,42281.21429,0
2020-08-31,6046489,33526,41961.85714,0
2020-09-01,6088458,41969,41747.14286,0
2020-09-02,6128576,40118,41333.07143,0
2020-09-03,6173787,45211,41338.5,1
2020-09-04,6222446,48659,41392.71429,0
2020-09-05,6265684,43238,41247.5,0
2020-09-06,6294762,29078,41045.71429,0
2020-09-07,6319464,24702,40375.07143,0
2020-09-08,6346567,27103,39270.85714,0
2020-09-09,6380418,33851,38675.07143,0
2020-09-10,6420040,39622,37902.57143,1
2020-09-11,6464865,44825,37795.78571,1
2020-09-12,6510480,45615,37977.5,0
2020-09-13,6550788,40308,38416.07143,0
2020-09-14,6583689,32901,38371.42857,0
2020-09-15,6621128,37439,38047.85714,0
2020-09-16,6659477,38349,37921.5,1
2020-09-17,6704918,45441,37937.92857,1
2020-09-18,6755145,50227,38049.92857,1
2020-09-19,6800800,45655,38222.57143,0
2020-09-20,6842405,41605,39117.35714,0
2020-09-21,6874665,32260,39657.21429,0
2020-09-22,6912973,38308,40457.57143,0
2020-09-23,6954203,41230,40984.64286,1
2020-09-24,7003200,48997,41654.28571,1
2020-09-25,7050826,47626,41854.35714,0
2020-09-26,7094716,43890,41731.14286,0
2020-09-27,7128423,33707,41259.64286,0
2020-09-28,7164994,36571,41521.78571,0
2020-09-29,7207284,42290,41868.28571,0
2020-09-30,7246200,38916,41908.78571,1
2020-10-01,7292562,46362,41974.57143,1
2020-10-02,7346109,53547,42211.71429,1
2020-10-03,7395489,49380,42477.78571,0
2020-10-04,7428859,33370,41889.57143,0
2020-10-05,7466806,37947,42295.78571,0
2020-10-06,7511827,45021,42775.28571,1
2020-10-07,7561294,49467,43363.64286,1
2020-10-08,7619507,58213,44021.92857,1
2020-10-09,7674838,55331,44572.28571,1
2020-10-10,7730092,55254,45384,0
2020-10-11,7776972,46880,46324.92857,0
2020-10-12,7819927,42955,46780.92857,0
2020-10-13,7870523,50596,47374.21429,1
2020-10-14,7929694,59171,48821,1
2020-10-15,7993556,63862,50071,1
2020-10-16,8063866,70310,51268.35714,0
2020-10-17,8118716,54850,51659.07143,0
2020-10-18,8171010,52294,53010.78571,1
2020-10-19,8239747,68737,55210.07143,1
2020-10-20,8302318,62571,56463.64286,0
2020-10-21,8363743,61425,57317.78571,1
2020-10-22,8443959,80216,58889.42857,1
2020-10-23,8526091,82132,60803.78571,1
2020-10-24,8604190,78099,62435.57143,0
2020-10-25,8664567,60377,63399.64286,0
2020-10-26,8729037,64470,64936.42857,1
2020-10-27,8808014,78977,66963.64286,1
2020-10-28,8896402,88388,69050.57143,1
2020-10-29,8989081,92679,71108.92857,1
2020-10-30,9089580,100499,73265.28571,1
2020-10-31,9176352,86772,75545.42857,0
2020-11-01,9254490,78138,77391.42857,0
2020-11-02,9338428,83938,78477.21429,1
2020-11-03,9465330,126902,83072.28571,1
2020-11-04,9567399,102069,85975.42857,1
2020-11-05,9697431,130032,89533.71429,1
2020-11-06,9826558,129127,92890.5,1
2020-11-07,9953780,127222,96399.28571,1
2020-11-08,10073148,119368,100612.9286,1
2020-11-09,10192673,119525,104545.4286,1
2020-11-10,10331774,139101,108840,1
2020-11-11,10481333,149559,113209.3571,1
2020-11-12,10640976,159643,117992.5,1
2020-11-13,10819737,178761,123582.6429,1
2020-11-14,10982694,162957,129024.4286,0
2020-11-15,11121208,138514,133337,1
2020-11-16,11276945,155737,138465.5,1
2020-11-17,11444297,167352,141354.7857,1
2020-11-18,11617713,173416,146451,1
2020-11-19,11809680,191967,150874.9286,1
2020-11-20,12010765,201085,156014.7857,1
2020-11-21,12188369,177604,159613.5,0
2020-11-22,12333604,145235,161461.1429,1
2020-11-23,12517890,184286,166086.9286,0
2020-11-24,12692858,174968,168648.8571,0
2020-11-25,12874109,181251,170912.5714,0
2020-11-26,12987020,112911,167574.5714,1
2020-11-27,13202222,215202,170177.5,0
2020-11-28,13369711,167489,170501.2143,0
2020-11-29,13509384,139673,170584,0
2020-11-30,13667915,158531,170783.5714,1
2020-12-01,13866746,198831,173032.0714,1
2020-12-02,14063762,197016,174717.7857,1
2020-12-03,14283185,219423,176678.9286,1
2020-12-04,14518319,235134,179111,1
2020-12-05,14738242,219923,182133.7857,0
2020-12-06,14916373,178131,184483.5,0
2020-12-07,15112614,196241,185337.4286,1
2020-12-08,15340113,227499,189089.6429,1
2020-12-09,15555848,215735,191552.7857,1
2020-12-10,15791625,235777,200328.9286,1
2020-12-11,16028527,236902,201878.9286,1
2020-12-12,16251283,222756,205826.5714,0
2020-12-13,16441925,190642,209467.2143,0
2020-12-14,16652286,210361,213169.3571,0
2020-12-15,16879507,227221,215197.2143,0
2020-12-16,17113650,234143,217849.1429,0
2020-12-17,17352824,239174,219259.9286,1
2020-12-18,17599264,246440,220067.5,0
2020-12-19,17804289,205025,219003.3571,0
2020-12-20,17990458,186169,219577.5,0
2020-12-21,18187883,197425,219662.0714,0
2020-12-22,18393673,205790,218111.4286,0
2020-12-23,18614460,220787,218472.2857,0
2020-12-24,18826055,211595,216745,0
2020-12-25,18951579,125524,208789.4286,0
2020-12-26,19169547,217968,208447.4286,0
2020-12-27,19305730,136183,204557.5,0
2020-12-28,19480363,174633,202005.5,0
2020-12-29,19687204,206841,200549.7857,0
2020-12-30,19905952,218748,199450.1429,1
2020-12-31,20219878,313926,204789.5714,0
2021-01-01,20397398,177520,199866.7143,1
2021-01-02,20670022,272624,204695.2143,0
2021-01-03,20873235,203213,205912.6429,0
2021-01-04,21059968,186733,205148.9286,1
2021-01-05,21292110,232142,207031.2143,1
2021-01-06,21551825,259715,209811.7857,1
2021-01-07,21836888,285063,215059.5,1
2021-01-08,22139748,302860,227726.3571,1
2021-01-09,22403252,263504,230978.9286,0
2021-01-10,22613198,209946,236247.7143,0
2021-01-11,22817700,204502,238381.2143,0
2021-01-12,23040116,222416,239493.7143,0
2021-01-13,23268791,228675,240202.7857,0
2021-01-14,23503715,234924,234559.7857,0
2021-01-15,23748051,244336,239332.3571,0
2021-01-16,23965033,216982,235357.9286,0
2021-01-17,24141198,176165,233425.9286,0
2021-01-18,24282482,141284,230179.5714,0
2021-01-19,24439496,157014,224813.2857,0
2021-01-20,24627164,187668,219667.0714,0
2021-01-21,24819191,192027,213021.6429,0
2021-01-22,25010547,191356,205057.0714,0
2021-01-23,25187886,177339,198902.4286,0
2021-01-24,25327681,139795,193891.6429,0
2021-01-25,25457654,129973,188568.1429,0
2021-01-26,25608948,151294,183488,0
2021-01-27,25764113,155165,178237.2857,0
2021-01-28,25930828,166715,173365.2143,0
2021-01-29,26094127,163299,167576.8571,0
2021-01-30,26244536,150409,162821.6429,0
2021-01-31,26357107,112571,158279.2143,0
2021-02-01,26482919,125812,157174.0714,0
2021-02-02,26600309,117390,154343.7857,0
2021-02-03,26724684,124375,149822.8571,0
2021-02-04,26849337,124653,145010.4286,0
2021-02-05,26979744,130407,140656.9286,0
2021-02-06,27096024,116280,136295.5714,0
2021-02-07,27185193,89169,132679.4286,0
2021-02-08,27268355,83162,129335.7857,0
2021-02-09,27364113,95758,125368.9286,0
2021-02-10,27459808,95695,121121.0714,0
2021-02-11,27565960,106152,116795.1429,0
2021-02-12,27665519,99559,112242.2857,0
2021-02-13,27755867,90348,107952.2143,0
2021-02-14,27824057,68190,104782.1429,0
2021-02-15,27880161,56104,99803,0
2021-02-16,27939999,59838,95692.14286,0
2021-02-17,28009004,69005,91737.14286,0
2021-02-18,28081254,72250,87994.07143,0
2021-02-19,28156128,74874,84027.42857,0
2021-02-20,28229709,73581,80977.5,0
2021-02-21,28284962,55253,78554.92857,0
2021-02-22,28341018,56056,76618.78571,0
2021-02-23,28414848,73830,75052.5,0
2021-02-24,28489829,74981,73572.92857,0
2021-02-25,28566889,77060,71494.92857,0
2021-02-26,28641812,74923,69735.21429,0
2021-02-27,28712642,70830,68341.07143,0
2021-02-28,28764298,51656,67160.07143,0
2021-03-01,28814420,50122,66732.78571,0
2021-03-02,28873096,58676,66649.78571,0
2021-03-03,28940164,67068,66511.42857,0
2021-03-04,29008605,68441,66239.35714,0
2021-03-05,29075787,67182,65689.92857,0
2021-03-06,29136550,60763,64774.35714,0
2021-03-07,29178094,41544,63795.14286,0
2021-03-08,29222842,44748,62987.42857,0
2021-03-09,29278673,55831,61701.78571,0
2021-03-10,29336393,57720,60468.85714,0
2021-03-11,29398148,61755,59375.64286,0
2021-03-12,29460422,62274,58472.14286,0
2021-03-13,29516680,56258,57431.28571,0
2021-03-14,29555246,38566,56496.28571,0
2021-03-15,29606783,51537,56597.35714,0
2021-03-16,29661862,55079,56340.42857,0
2021-03-17,29721741,59879,55826.92857,1
2021-03-18,29783944,62203,55381.35714,0
2021-03-19,29844854,60910,54933.35714,0
2021-03-20,29903121,58267,54755.07143,0
2021-03-21,29938533,35412,54317.07143,0
2021-03-22,29986970,48437,54580.57143,0
2021-03-23,30039696,52726,54358.78571,1
2021-03-24,30127521,87825,56509.14286,1
2021-03-25,30194910,67389,56911.57143,1
2021-03-26,30271054,76144,57902.28571,1
2021-03-27,30334846,63792,58440.42857,0
2021-03-28,30381218,46372,58998,1
2021-03-29,30447861,66643,60077,0
2021-03-30,30510083,62222,60587.21429,1
2021-03-31,30579485,69402,61267.42857,1
2021-04-01,30656330,76845,62313.28571,1
2021-04-02,30730194,73864,63238.57143,0
2021-04-03,30794703,64509,63684.42857,0
2021-04-04,30832570,37867,63859.78571,0
2021-04-05,30900794,68224,65273.14286,0
2021-04-06,30964189,63395,66035.21429,1
2021-04-07,31039928,75739,65171.92857,1
2021-04-08,31119772,79844,66061.57143,1
2021-04-09,31204184,84412,66652.14286,0
2021-04-10,31274548,70364,67121.57143,0
2021-04-11,31321879,47331,67190.07143,0
2021-04-12,31385081,63202,66944.28571,1
2021-04-13,31465794,80713,68265.07143,0
2021-04-14,31540756,74962,68662.21429,0
2021-04-15,31614984,74228,68475.28571,1
2021-04-16,31697732,82748,69109.85714,0
2021-04-17,31753116,55384,68458.07143,0
2021-04-18,31796939,43823,68883.5,0
2021-04-19,31856774,59835,68284.28571,0
2021-04-20,31919203,62429,68215.28571,0
2021-04-21,31983893,64690,67426.07143,0
2021-04-22,32050106,66213,66452.42857,0
2021-04-23,32112756,62650,64898,0
2021-04-24,32167063,54307,63751.07143,0
2021-04-25,32201471,34408,62828,0
2021-04-26,32244759,43288,61405.57143,0
2021-04-27,32296816,52057,59358.71429,0
2021-04-28,32352650,55834,57992.42857,0
2021-04-29,32410329,57679,56810.35714,0
2021-04-30,32468055,57726,55023.07143,0
2021-05-01,32516226,48171,54507.85714,0
2021-05-02,32546822,30596,53563.07143,0
2021-05-03,32592222,45400,52532,0
2021-05-04,32634949,42727,51124.71429,0
2021-05-05,32680744,45795,49775.07143,0
2021-05-06,32726689,45945,48327.35714,0
2021-05-07,32774854,48165,47292.71429,0
2021-05-08,32809818,34964,45911.07143,0
2021-05-09,32832557,22739,45077.57143,0
2021-05-10,32865353,32796,44328.14286,0
2021-05-11,32900633,35280,43129.78571,0
2021-05-12,32936594,35961,41710.28571,0
2021-05-13,32974477,37883,40296.28571,0
2021-05-14,33016059,41582,39143.14286,0
2021-05-15,33046540,30481,37879.57143,0
2021-05-16,33064172,17632,36953.57143,0
2021-05-17,33089703,25531,35534.35714,0
2021-05-18,33118721,29018,34555.14286,0
2021-05-19,33147765,29044,33358.64286,0
2021-05-20,33177770,30005,32220.07143,0
2021-05-21,33206435,28665,30827.21429,0
2021-05-22,33227352,20917,29823.85714,0
2021-05-23,33241140,13788,29184.5,0
2021-05-24,33263298,22158,28424.64286,0
2021-05-25,33287104,23806,27605.07143,0
2021-05-26,33311455,24351,26775.78571,0
2021-05-27,33338001,26546,25966,0
2021-05-28,33359917,21916,24561.28571,0
2021-05-29,33372891,12974,23310.78571,0
2021-05-30,33380097,7206,22566.07143,0
2021-05-31,33386447,6350,21196,0
2021-06-01,33407540,21093,20629.92857,0
2021-06-02,33424131,16591,19740.42857,0
2021-06-03,33442100,17969,18880.71429,0
2021-06-04,33459613,17513,18084.14286,0
2021-06-05,33474770,15157,17672.71429,0
2021-06-06,33480666,5896,17109,0
2021-06-07,33494852,14186,16539.57143,0
2021-06-08,33507651,12799,15753.35714,1
2021-06-09,33525852,18201,15314.07143,0
2021-06-10,33540369,14517,14454.85714,1
2021-06-11,33564873,24504,14639.71429,0
2021-06-12,33573694,8821,14343.07143,0
2021-06-13,33578723,5029,14187.57143,0
2021-06-14,33590628,11905,14584.35714,0
2021-06-15,33601271,10643,13837.92857,0
2021-06-16,33613025,11754,13492.42857,0
2021-06-17,33624547,11522,13031.92857,1
2021-06-18,33645533,20986,13280,0
2021-06-19,33654422,8889,12832.28571,0
2021-06-20,33659351,4929,12763.21429,0
2021-06-21,33670079,10728,12516.21429,0
2021-06-22,33680849,10770,12371.28571,0
2021-06-23,33693339,12490,11963.35714,1
2021-06-24,33707534,14195,11940.35714,1
2021-06-25,33732043,24509,11940.71429,0
2021-06-26,33741088,9045,11956.71429,0
2021-06-27,33745750,4662,11930.5,1
2021-06-28,33759515,13765,12063.35714,0
2021-06-29,33767046,7531,11841.07143,1
2021-06-30,33782325,15279,12092.85714,1
2021-07-01,33797251,14926,12336,1
2021-07-02,33826847,29596,12951,0
2021-07-03,33832133,5286,12693.64286,0
2021-07-04,33836404,4271,12646.64286,0
2021-07-05,33845569,9165,12535,1
2021-07-06,33868137,22568,13377.71429,1
2021-07-07,33888276,20139,13924.07143,1
2021-07-08,33909160,20884,14401.85714,1
2021-07-09,33956134,46974,16006.5,0
2021-07-10,33966176,10042,16077.71429,0
2021-07-11,33977944,11768,16585.28571,1
2021-07-12,34007605,29661,17720.71429,1
2021-07-13,34034110,26505,19076,1
2021-07-14,34065230,31120,20207.5,1
2021-07-15,34097162,31932,21422.21429,1
2021-07-16,34175193,78031,24881.85714,0
2021-07-17,34189264,14071,25509.35714,0
2021-07-18,34209648,20384,26660.28571,1
2021-07-19,34258861,49213,29520.85714,1
2021-07-20,34298786,39925,30760.64286,1
2021-07-21,34346640,47854,32740.28571,1
2021-07-22,34403067,56427,35279.07143,1
2021-07-23,34523848,120781,40551,0
2021-07-24,34553243,29395,41933.35714,0
2021-07-25,34581897,28654,43139.5,1
2021-07-26,34660435,78538,46630.71429,1
2021-07-27,34725586,65151,49391.14286,1
2021-07-28,34799156,73570,52423.28571,1
2021-07-29,34871512,72356,55310.71429,1
2021-07-30,35062668,191156,63391.07143,0
2021-07-31,35107404,44736,65581.42857,0
2021-08-01,35152818,45414,67369.28571,1
2021-08-02,35260292,107474,71530.78571,1
2021-08-03,35358371,98079,75684.64286,1
2021-08-04,35460776,102405,79581.14286,1
2021-08-05,35570380,109604,83379.5,1
2021-08-06,35822339,251959,92749.35714,0
2021-08-07,35886266,63927,95215.92857,0
2021-08-08,35922000,35734,95721.64286,1
2021-08-09,36080392,158392,101425.5,1
2021-08-10,36198713,118321,105223.3571,1
2021-08-11,36353207,154494,111003.6429,1
2021-08-12,36497053,143846,116110.0714,1
2021-08-13,36723765,226712,118649.7857,0
2021-08-14,36798001,74236,120756.9286,0
2021-08-15,36845900,47899,120934.4286,1
2021-08-16,37039222,193322,127066.4286,1
2021-08-17,37190452,151230,130862.9286,1
2021-08-18,37357711,167259,135495.3571,1
2021-08-19,37513087,155376,138764.7857,1
2021-08-20,37752090,239003,137839.3571,0
2021-08-21,37845679,93589,139958.0714,0
2021-08-22,37891095,45416,140649.6429,1
2021-08-23,38097261,206166,144062.0714,0
2021-08-24,38252484,155223,146697.9286,1
2021-08-25,38431638,179154,148459.3571,1
2021-08-26,38615429,183791,151312.5714,1
2021-08-27,38853774,238345,152143.5,0
2021-08-28,38933859,80085,152561.2857,0
2021-08-29,38987089,53230,152942.0714,1
2021-08-30,39215007,227918,155413.2143,1
2021-08-31,39395088,180081,157474,1
2021-09-01,39585475,190387,159126,1
2021-09-02,39764655,179180,160826.2857,1
2021-09-03,39999770,235115,160548.5714,0
2021-09-04,40087140,87370,160104.3571,0
2021-09-05,40151883,64743,161484.8571,0
2021-09-06,40241920,90037,153189.9286,1
2021-09-07,40452004,210084,157108.5714,1
2021-09-08,40629628,177624,156999.2857,0
2021-09-09,40796334,166706,155778.9286,1
2021-09-10,41038024,241690,156017.8571,0
2021-09-11,41128599,90575,156767.1429,0
2021-09-12,41178219,49620,156509.2857,1
2021-09-13,41385902,207683,155063.9286,0
2021-09-14,41531511,145609,152601.6429,1
2021-09-15,41704724,173213,151374.9286,0
2021-09-16,41863377,158653,149908.7143,1
2021-09-17,42074007,210630,148159.7857,0
2021-09-18,42150320,76313,147370,0
2021-09-19,42196351,46031,146033.4286,1
2021-09-20,42365732,169381,151700.8571,0
2021-09-21,42487611,121879,145400.5,0
2021-09-22,42619242,131631,142115.2857,0
2021-09-23,42748318,129076,139427.4286,1
2021-09-24,42922887,174569,134633.0714,0
2021-09-25,42984802,61915,132585.9286,0
2021-09-26,43040459,55657,133017.1429,1
2021-09-27,43194360,153901,129175.5714,0
2021-09-28,43307569,113209,126861.2857,0
2021-09-29,43429449,121880,123194.6429,0
2021-09-30,43539596,110147,119729.9286,1
2021-10-01,43694428,154832,115744.3571,0
2021-10-02,43744224,49796,113850.2857,0
2021-10-03,43790462,46238,113865.0714,1
2021-10-04,43931026,140564,111806.7143,0
2021-10-05,44026584,95558,109926.6429,0
2021-10-06,44139333,112749,108577.9286,0
2021-10-07,44240441,101108,106580.2143,1
2021-10-08,44371002,130561,103436.7857,0
2021-10-09,44411382,40380,101898.5714,0
2021-10-10,44452401,41019,100853,0
2021-10-11,44545245,92844,96491.78571,1
2021-10-12,44656250,111005,96334.35714,1
2021-10-13,44764567,108317,95365.57143,0
2021-10-14,44850751,86184,93653.92857,1
2021-10-15,44959502,108751,90362.42857,0
2021-10-16,45000892,41390,89762,0
2021-10-17,45034083,33191,88830.07143,0
2021-10-18,45130714,96631,85692,0
2021-10-19,45213344,82630,84768.57143,0
2021-10-20,45305577,92233,83303.14286,0
2021-10-21,45382909,77332,81604.85714,1
2021-10-22,45478808,95899,79129,0
2021-10-23,45513139,34331,78696.92857,0
2021-10-24,45534110,20971,77264.92857,1
2021-10-25,45643583,109473,78452.71429,0
2021-10-26,45711249,67666,75357.07143,1
2021-10-27,45813716,102467,74939.21429,0
2021-10-28,45888274,74558,74108.78571,1
2021-10-29,45982991,94717,73106.35714,0
2021-10-30,46019330,36339,72745.57143,0
2021-10-31,46053361,34031,72805.57143,1
2021-11-01,46163201,109840,73749.07143,0
2021-11-02,46233294,70093,72853.57143,1
2021-11-03,46320009,86715,72459.42857,1
2021-11-04,46401241,81232,72738,1
2021-11-05,46498331,97090,72823.07143,0
2021-11-06,46535625,37294,73034.71429,0
2021-11-07,46574617,38992,74321.92857,1
2021-11-08,46681947,107330,74168.85714,0
2021-11-09,46761945,79998,75049.71429,1
2021-11-10,46857079,95134,74525.92857,0
2021-11-11,46914755,57676,73320.07143,1
2021-11-12,47058876,144121,76848.92857,0
2021-11-13,47105069,46193,77552.78571,0
2021-11-14,47138971,33902,77543.57143,1
2021-11-15,47270028,131057,79059.07143,1
2021-11-16,47358009,87981,80336.78571,1
2021-11-17,47470415,112406,82171.85714,1
2021-11-18,47578998,108583,84125.5,1
2021-11-19,47705269,126271,86209.85714,0
2021-11-20,47752525,47256,86921.42857,0
2021-11-21,47794054,41529,87102.64286,1
2021-11-22,47934950,140896,89500.21429,0
2021-11-23,48026672,91722,90337.64286,1
2021-11-24,48138243,111571,91511.71429,0
2021-11-25,48175300,37057,90038.92857,0
2021-11-26,48229993,54693,83651.21429,0
2021-11-27,48258460,28467,82385.07143,0
2021-11-28,48303583,45123,83186.57143,1
2021-11-29,48488733,185150,87050.35714,1
2021-11-30,48606339,117606,89166.42857,1
2021-12-01,48743340,137001,90923.21429,1
2021-12-02,48881253,137913,93018.21429,1
2021-12-03,49039251,157998,95284.42857,0
2021-12-04,49107059,67808,96752.42857,0
2021-12-05,49163621,56562,97826.21429,1
2021-12-06,49338540,174919,100256.4286,1
2021-12-07,49451008,112468,101738.2857,1
2021-12-08,49600386,149378,104438.7857,1
2021-12-09,49724320,123934,110644.2857,1
2021-12-10,49881735,157415,117981.5714,0
2021-12-11,49939477,57742,120072.6429,0
2021-12-12,49992874,53397,120663.6429,1
2021-12-13,50176127,183253,120528.1429,0
2021-12-14,50289477,113350,120224.1429,1
2021-12-15,50435092,145615,120839.4286,1
2021-12-16,50577283,142191,121145,1
2021-12-17,50769791,192508,123610,0
2021-12-18,50851472,81681,124600.9286,0
2021-12-19,50942391,90919,127055,1
2021-12-20,51183554,241163,131786.7143,1
2021-12-21,51365828,182274,136772.8571,1
2021-12-22,51613682,247854,143806.8571,1
2021-12-23,51888071,274389,154553.6429,1
2021-12-24,52136339,248268,161043.1429,0
2021-12-25,52224654,88315,163226.9286,1
2021-12-26,52408175,183521,172521.5,1
2021-12-27,52914246,506071,195579.9286,1
2021-12-28,53286705,372459,214087.7143,1
2021-12-29,53797725,511020,240188.0714,1
2021-12-30,54395674,597949,272742.2143,1
2021-12-31,54907717,512043,295566.1429,0
2022-01-01,55099948,192231,303462.5714,0
2022-01-02,55396191,296243,318128.5714,1
2022-01-03,56438983,1042792,375387.7857,1
2022-01-04,57267794,828811,421569,1
2022-01-05,57943576,675782,452135.2857,1
2022-01-06,58788182,844606,492865.0714,1
2022-01-07,59667177,878995,537917,0
2022-01-08,60075853,408676,560799.9286,0
2022-01-09,60569265,493412,582935,1
2022-01-10,61923770,1354505,643537.4286,1
2022-01-11,62709985,786215,673091.4286,1
2022-01-12,63563852,853867,697580.5,1
2022-01-13,64429141,865289,716676.2143,1
2022-01-14,65308292,879151,742898.2143,0
2022-01-15,65724593,416301,758903.2143,0
2022-01-16,66210693,486100,772464.4286,0
2022-01-17,66870941,660248,745139.8571,1
2022-01-18,68003787,1132846,766856.6429,1
2022-01-19,68913628,909841,783575.1429,0
2022-01-20,69644507,730879,775451.7857,0
2022-01-21,70450244,805737,770219.0714,0
2022-01-22,70760203,309959,763167.8571,0
2022-01-23,71131122,370919,754418.3571,1
2022-01-24,72039869,908747,722578.5,0
2022-01-25,72532127,492258,701581.5714,0
2022-01-26,73209225,677098,688955.2143,0
2022-01-27,73712510,503285,663097.7857,0
2022-01-28,74325157,612647,644061.7857,0
2022-01-29,74507829,182672,627374,0
2022-01-30,74708840,201011,607010.5,0
2022-01-31,75244152,535312,598086.5,0
2022-02-01,75570589,326437,540485.8571,0
2022-02-02,75897686,327097,498861.2857,0
2022-02-03,76171309,273623,466200.1429,0
2022-02-04,76526048,354739,433986,0
2022-02-05,76614468,88420,418161.7857,0
2022-02-06,76699490,85022,397740.5714,0
2022-02-07,77042080,342590,357300.7857,0
2022-02-08,77255897,213817,337412.1429,0
2022-02-09,77443048,187151,302415.9286,0
2022-02-10,77613413,170365,278635.9286,0
2022-02-11,77821582,208169,249744.6429,0
2022-02-12,77874376,52794,240467.6429,0
2022-02-13,77933572,59196,230338,0
2022-02-14,78100771,167199,204044.2143,0
2022-02-15,78211154,110383,188611.7857,0
2022-02-16,78324961,113807,173376.7857,0
2022-02-17,78426229,101268,161065.7143,0
2022-02-18,78570116,143887,146004.8571,0
2022-02-19,78602274,32158,141986.1429,0
2022-02-20,78625816,23542,137594.7143,0
2022-02-21,78705461,79645,118812.9286,0
2022-02-22,78794643,89182,109910.4286,0
2022-02-23,78878687,84044,102545.6429,0
2022-02-24,78945215,66528,95128.71429,0
2022-02-25,79018857,73642,85519.64286,0
2022-02-26,79066699,47842,85165.92857,0
2022-02-27,79085232,18533,82261.42857,1
2022-02-28,79181996,96764,77230.35714,0
2022-03-01,79228450,46454,72664,0
2022-03-02,79281474,53024,68322.35714,0
2022-03-03,79329961,48487,64552.28571,0
2022-03-04,79380604,50643,57892,0
2022-03-05,79395871,15267,56685.5,0
2022-03-06,79408495,12624,55905.64286,0
2022-03-07,79469829,61334,54597.71429,0
2022-03-08,79499165,29336,50323,0
2022-03-09,79536060,36895,46955.21429,0
2022-03-10,79581728,45668,45465.21429,0
2022-03-11,79630488,48760,43687.92857,0
2022-03-12,79641006,10518,41021.92857,0
2022-03-13,79652314,11308,40505.85714,0
2022-03-14,79686584,34270,36042,0
2022-03-15,79710097,23513,34403.35714,1
2022-03-16,79761332,51235,34275.57143,1
2022-03-17,79813357,52025,34528.28571,0
2022-03-18,79844989,31632,33170.35714,0
2022-03-19,79856111,11122,32874.28571,0
2022-03-20,79867776,11665,32805.78571,1
2022-03-21,79908821,41045,31356.57143,0
2022-03-22,79930050,21229,30777.5,1
2022-03-23,79969950,39900,30992.14286,1
2022-03-24,80012001,42051,30733.78571,1
2022-03-25,80056416,44415,30423.42857,0
2022-03-26,80066111,9695,30364.64286,0
2022-03-27,80078147,12036,30416.64286,1
2022-03-28,80115859,37712,30662.5,0
2022-03-29,80138918,23059,30630.07143,1
2022-03-30,80177035,38117,29693.07143,1
2022-03-31,80221585,44550,29159.14286,0
2022-04-01,80252748,31163,29125.64286,0
2022-04-02,80264828,12080,29194.07143,0
2022-04-03,80269842,5014,28719,1
2022-04-04,80307960,38118,28509.92857,0
2022-04-05,80332930,24970,28777.14286,1
2022-04-06,80372860,39930,28779.28571,1
2022-04-07,80422532,49672,29323.64286,1
2022-04-08,80495710,73178,31378.14286,0
2022-04-09,80508766,13056,31618.21429,0
2022-04-10,80518573,9807,31459,1
2022-04-11,80556687,38114,31487.71429,1
2022-04-12,80591910,35223,32356.57143,1
2022-04-13,80647978,56068,33638.78571,1
2022-04-14,80695831,47853,33874.71429,0
2022-04-15,80730300,34469,34110.85714,0
2022-04-16,80743119,12819,34163.64286,0
2022-04-17,80751042,7923,34371.42857,1
2022-04-18,80810593,59551,35902.35714,0
2022-04-19,80849092,38499,36868.71429,1
2022-04-20,80916866,67774,38857.57143,1
2022-04-21,80977349,60483,39629.78571,1
2022-04-22,81065925,88576,40729.64286,0
2022-04-23,81086628,20703,41275.85714,0
2022-04-24,81100611,13983,41574.14286,1
2022-04-25,81168415,67804,43694.85714,0
2022-04-26,81213305,44890,44385.35714,1
2022-04-27,81303117,89812,46795.64286,1
2022-04-28,81380091,76974,48875.71429,1
2022-04-29,81441344,61253,50788.85714,0
2022-04-30,81466441,25097,51665.85714,0
2022-05-01,81483804,17363,52340.14286,1
2022-05-02,81577677,93873,54791.71429,0
2022-05-03,81627341,49664,55589.21429,1
2022-05-04,81739690,112349,58773.14286,1
2022-05-05,81827903,88213,60753.85714,1
2022-05-06,81956955,129052,63645,0
2022-05-07,81986006,29051,64241.28571,0
2022-05-08,81992619,6613,63714.85714,1
2022-05-09,82121797,129178,68098.71429,0
2022-05-10,82192316,70519,69929.35714,1
2022-05-11,82353337,161021,75015.71429,1
2022-05-12,82458677,105340,77041.85714,1
2022-05-13,82545938,87261,78899.57143,0
2022-05-14,82564426,18488,78427.5,0
2022-05-15,82597555,33129,79553.64286,1
2022-05-16,82774479,176924,85485.85714,0
2022-05-17,82859805,85326,88033.14286,1
2022-05-18,83063638,203833,94567.71429,1
2022-05-19,83199187,135549,97948.85714,1
2022-05-20,83347968,148781,99358.07143,0
2022-05-21,83376122,28154,99294,0
2022-05-22,83389299,13177,99762.85714,1
2022-05-23,83538499,149200,101193,0
2022-05-24,83622359,83860,102145.9286,1
2022-05-25,83833099,210740,105697.2857,1
2022-05-26,83968629,135530,107853.7143,0
2022-05-27,84076461,107832,109323.0714,0
2022-05-28,84090734,14273,109022,0
2022-05-29,84097861,7127,107164.7143,0
2022-05-30,84160373,62512,98992.42857,1
2022-05-31,84327544,167171,104838.5,1
2022-06-01,84556267,228723,106616.3571,1
2022-06-02,84678587,122320,105671.4286,1
2022-06-03,84835573,156986,106257.5,0
2022-06-04,84863718,28145,106256.8571,0
2022-06-05,84880100,16382,106485.7857,1
2022-06-06,85039922,159822,107244.5,0
2022-06-07,85126555,86633,107442.5714,1
2022-06-08,85325154,198599,106575.3571,1
2022-06-09,85457093,131939,106318.8571,0
2022-06-10,85563254,106161,106199.5,0
2022-06-11,85598649,35395,107708.2143,0
2022-06-12,85616523,17874,108475.8571,1
2022-06-13,85768092,151569,114837.0714,0
2022-06-14,85858269,90177,109337.5,1
2022-06-15,86043157,184888,106206.4286,1
2022-06-16,86173188,130031,106757.2143,1
2022-06-17,86312000,138812,105459.0714,0
2022-06-18,86329794,17794,104719.7143,0
2022-06-19,86347944,18150,104846,0
2022-06-20,86443987,96043,100290.3571,1
2022-06-21,86555173,111186,102044.1429,1
2022-06-22,86740533,185360,101098.5,1
2022-06-23,86879240,138707,101581.9286,1
2022-06-24,86996447,117207,102370.9286,0
2022-06-25,87037562,41115,102779.5,0
2022-06-26,87060024,22462,103107.2143,1
2022-06-27,87219959,159935,103704.7857,0
2022-06-28,87317769,97810,104250,1
2022-06-29,87507662,189893,104607.5,1
2022-06-30,87675415,167753,107301.9286,1
2022-07-01,87832253,156838,108589.5,0
2022-07-02,87852832,20579,108788.4286,0
2022-07-03,87861491,8659,108110.5,0
2022-07-04,87937948,76457,106711.5,1
2022-07-05,88079364,141416,108870.7857,1
2022-07-06,88279768,200404,109945.3571,1
2022-07-07,88418829,139061,109970.6429,1
2022-07-08,88556536,137707,111434.9286,0
2022-07-09,88585837,29301,110591.0714,0
2022-07-10,88610605,24768,110755.7857,1
2022-07-11,88811480,200875,113680.0714,1
2022-07-12,88959681,148201,117279.4286,1
2022-07-13,89163998,204317,118309.7143,1
2022-07-14,89339450,175452,118859.6429,1
2022-07-15,89492643,153193,118599.2857,0
2022-07-16,89532095,39452,119947.3571,0
2022-07-17,89561931,29836,121460,1
2022-07-18,89726778,164847,127773.5714,0
2022-07-19,89843975,117197,126043.6429,1
2022-07-20,90060378,216403,127186.4286,1
2022-07-21,90236138,175760,129807.7857,0
2022-07-22,90367542,131404,129357.5714,0
2022-07-23,90394143,26601,129164.7143,0
2022-07-24,90417634,23491,129073.5,1
2022-07-25,90607493,189859,128286.6429,0
2022-07-26,90739588,132095,127136.2143,1
2022-07-27,90979365,239777,129669.0714,1
2022-07-28,91156742,177377,129806.5714,1
2022-07-29,91315977,159235,130238.1429,0
2022-07-30,91332204,16227,128579.2143,0
2022-07-31,91345425,13221,127392.4286,1
2022-08-01,91515236,169811,127747,0
2022-08-02,91606171,90935,125871.1429,1
2022-08-03,91806570,200399,124728,1
2022-08-04,91993893,187323,125553.9286,0
2022-08-05,92100011,106118,123747.7857,0
2022-08-06,92115152,15141,122929.2143,0
2022-08-07,92127889,12737,122161.0714,1
2022-08-08,92283082,155193,119684.9286,0
2022-08-09,92382841,99759,117375.2143,1
2022-08-10,92579320,196479,114282.5,1
2022-08-11,92742297,162977,113253.9286,0
2022-08-12,92838951,96654,108783.8571,0
2022-08-13,92922767,83816,113611.6429,0
2022-08-14,92932588,9821,113368.7857,0
2022-08-15,93055285,122697,110003.5,0
2022-08-16,93147062,91777,110063.6429,1
2022-08-17,93283935,136873,105526.0714,1
2022-08-18,93433063,149128,102797.8571,0
2022-08-19,93510612,77549,100757.2143,0
2022-08-20,93521828,11216,100476.8571,0
2022-08-21,93531703,9875,100272.4286,1
2022-08-22,93660652,128949,98397.85714,0
2022-08-23,93759938,99286,98364.07143,1
2022-08-24,93911627,151689,95164.78571,1
2022-08-25,94051288,139661,93499.35714,1
2022-08-26,94172008,120720,95218.35714,0
2022-08-27,94183881,11873,90079.57143,0
2022-08-28,94192404,8523,89986.85714,1
2022-08-29,94298521,106117,88802.57143,0
2022-08-30,94374035,75514,87640.92857,1
2022-08-31,94528255,154220,88880,1
2022-09-01,94659072,130817,87572.07143,0
2022-09-02,94723711,64639,86649.92857,0
2022-09-03,94735199,11488,86669.35714,0
2022-09-04,94742681,7482,86498.42857,0
2022-09-05,94776356,33675,79693.14286,1
2022-09-06,94888803,112447,80633.21429,1
2022-09-07,95012774,123971,78653.35714,1
2022-09-08,95119998,107224,76336.42857,1
2022-09-09,95220758,100760,74910.71429,0
2022-09-10,95230918,10160,74788.35714,0
2022-09-11,95239962,9044,74825.57143,0
2022-09-12,95309350,69388,72202.07143,1
2022-09-13,95389023,79673,72499.14286,1
2022-09-14,95492224,103201,68854.92857,1
2022-09-15,95575861,83637,65484.92857,0
2022-09-16,95632097,56236,64884.71429,0
2022-09-17,95640668,8571,64676.35714,0
2022-09-18,95646159,5491,64534.14286,0
2022-09-19,95701850,55691,66106.71429,0
2022-09-20,95771112,69262,63022.07143,1
2022-09-21,95869476,98364,61193,1
2022-09-22,95950546,81070,59324.85714,1
2022-09-23,96033830,83284,58076.57143,0
2022-09-24,96043588,9758,58047.85714,0
2022-09-25,96050333,6745,57883.64286,0
2022-09-26,96095885,45552,56181.07143,0
2022-09-27,96156934,61049,54850.78571,1
2022-09-28,96243479,86545,53661.07143,1
2022-09-29,96328015,84536,53725.28571,0
2022-09-30,96361580,33565,52105.92857,0
2022-10-01,96369625,8045,52068.35714,0
2022-10-02,96375509,5884,52096.42857,0
2022-10-03,96416999,41490,51082.07143,0
2022-10-04,96472358,55359,50089,1
2022-10-05,96543735,71377,48161.35714,1
2022-10-06,96604699,60964,46725.21429,1
2022-10-07,96663035,58336,44943.21429,0
2022-10-08,96670876,7841,44806.28571,0
2022-10-09,96676516,5640,44727.35714,0
2022-10-10,96699589,23073,43121.71429,1
2022-10-11,96760434,60845,43107.14286,1
2022-10-12,96825135,64701,41546.85714,1
2022-10-13,96888756,63621,40052.92857,0
2022-10-14,96915830,27074,39589.28571,0
2022-10-15,96921917,6087,39449.42857,0
2022-10-16,96928733,6816,39516,0
2022-10-17,96967685,38952,39334.71429,1
2022-10-18,97011349,43664,38499.35714,1
2022-10-19,97072048,60699,37736.64286,1
2022-10-20,97129478,57430,37484.21429,1
2022-10-21,97175604,46126,36612.07143,0
2022-10-22,97181092,5488,36444,0
2022-10-23,97189727,8635,36657.92857,0
2022-10-24,97229112,39385,37823.07143,1
2022-10-25,97272915,43803,36605.78571,1
2022-10-26,97344455,71540,37094.28571,1
2022-10-27,97403798,59343,36788.71429,0
2022-10-28,97434240,30442,37029.28571,0
2022-10-29,97443365,9125,37246.28571,0
2022-10-30,97446797,3432,37004.57143,1
2022-10-31,97491766,44969,37434.35714,1
2022-11-01,97540736,48970,37813.35714,1
2022-11-02,97614775,74039,38766.21429,1
2022-11-03,97685617,70842,39724.21429,0
2022-11-04,97724326,38709,39194.42857,0
2022-11-05,97729627,5301,39181.07143,0
2022-11-06,97737758,8131,39145.07143,0
2022-11-07,97778436,40678,39237.42857,0
2022-11-08,97809892,31456,38355.5,1
2022-11-09,97907217,97325,40197.28571,1
2022-11-10,97973552,66335,40696.71429,0
2022-11-11,97986735,13183,39463.92857,0
2022-11-12,97992007,5272,39188.71429,0
2022-11-13,97994653,2646,39132.57143,1
2022-11-14,98045066,50413,39521.42857,1
2022-11-15,98104944,59878,40300.57143,1
2022-11-16,98189692,84748,41065.5,1
2022-11-17,98243790,54098,39869.5,1
2022-11-18,98299385,55595,41075.64286,0
2022-11-19,98304397,5012,41055,0
2022-11-20,98308346,3949,40756.28571,0
2022-11-21,98352864,44518,41030.57143,1
2022-11-22,98409179,56315,42806.21429,1
2022-11-23,98522619,113440,43957.28571,0
2022-11-24,98538940,16321,40384.85714,0
2022-11-25,98561273,22333,41038.42857,0
2022-11-26,98564574,3301,40897.64286,0
2022-11-27,98570524,5950,41133.64286,1
2022-11-28,98632854,62330,41984.85714,1
2022-11-29,98700309,67455,42526.07143,1
2022-11-30,98813321,113012,44544.92857,1
2022-12-01,98903928,90607,47152.71429,1
2022-12-02,98968313,64385,47780.57143,0
2022-12-03,98975438,7125,47931.5,0
2022-12-04,98980990,5552,48046,1
2022-12-05,99038798,57808,48995.28571,1
2022-12-06,99133789,94991,51757.85714,1
2022-12-07,99279229,145440,54043.57143,1
2022-12-08,99378455,99226,59965.35714,0
2022-12-09,99414998,36543,60980.35714,0
2022-12-10,99422186,7188,61258,0
2022-12-11,99428500,6314,61284,0
2022-12-12,99487847,59347,61070.92857,1
2022-12-13,99581078,93231,62912.07143,1
2022-12-14,99729246,148168,65423.21429,1
2022-12-15,99841367,112121,66959.92857,0
2022-12-16,99895955,54588,66260.14286,0
2022-12-17,99902767,6812,66237.78571,0
2022-12-18,99908625,5858,66259.64286,0
2022-12-19,99969013,60388,66443.92857,1
2022-12-20,100050937,81924,65510.57143,1
2022-12-21,100233060,182123,68130.78571,1
2022-12-22,100329204,96144,67910.64286,0
2022-12-23,100368433,39229,68102.5,0
2022-12-24,100374955,6522,68054.92857,0
2022-12-25,100378169,3214,67833.5,0
2022-12-26,100390601,12432,64482.42857,1
2022-12-27,100501536,110935,65747,1
2022-12-28,100614880,113344,63259.57143,1
2022-12-29,100718983,104103,62686.85714,0
2022-12-30,100757380,38397,61530.35714,0
2022-12-31,100765333,7953,61611.85714,0
2023-01-01,100769628,4295,61500.21429,0
2023-01-02,100777938,8310,57780.35714,1
2023-01-03,100866744,88806,58271.92857,1
2023-01-04,101064860,198116,59414.28571,1
2023-01-05,101196089,131229,61920.35714,0
2023-01-06,101261277,65188,63774.57143,0
2023-01-07,101267132,5855,63726.92857,0
2023-01-08,101272842,5710,63905.21429,0
2023-01-09,101315853,43011,66089.42857,1
2023-01-10,101399138,83285,64114.42857,1
2023-01-11,101538756,139618,65991.14286,0
2023-01-12,101603736,64980,63196.64286,0
2023-01-13,101637051,33315,62833.64286,0
2023-01-14,101642336,5285,62643.07143,0
2023-01-15,101645654,3318,62573.28571,0
2023-01-16,101653171,7517,62516.64286,1
2023-01-17,101734426,81255,61977.28571,1
2023-01-18,101863056,128630,57014,1
2023-01-19,101954244,91188,54153.92857,0
2023-01-20,101991763,37519,52177.57143,0
2023-01-21,101996891,5128,52125.64286,0
2023-01-22,102000179,3288,51952.64286,0
2023-01-23,102031232,31053,51098.5,0
2023-01-24,102086966,55734,49130.57143,1
2023-01-25,102189274,102308,46465.57143,1
2023-01-26,102253390,64116,46403.85714,0
2023-01-27,102270311,16921,45232.85714,0
2023-01-28,102274906,4595,45183.57143,0
2023-01-29,102278398,3492,45196,0
2023-01-30,102307529,29131,46739.85714,1
2023-01-31,102362870,55341,44888.85714,1
2023-02-01,102479379,116509,44023.07143,1
2023-02-02,102561054,81675,43343.57143,0
2023-02-03,102599784,38730,43430.07143,0
2023-02-04,102603942,4158,43360.78571,0
2023-02-05,102606868,2926,43334.92857,0
2023-02-06,102631179,24311,42853.35714,0
2023-02-07,102676694,45515,42123.42857,1
2023-02-08,102760211,83517,40781.21429,1
2023-02-09,102842061,81850,42047.92857,0
2023-02-10,102855101,13040,41770.71429,0
2023-02-11,102859510,4409,41757.42857,0
2023-02-12,102862879,3369,41748.64286,0
2023-02-13,102886005,23126,41319.71429,1
2023-02-14,102934224,48219,40811,1
2023-02-15,103023231,89007,38846.57143,1
2023-02-16,103083910,60679,37346.85714,1
2023-02-17,103131898,47988,38008.14286,0
2023-02-18,103134605,2707,37904.5,0
2023-02-19,103136077,1472,37800.64286,0
2023-02-20,103138119,2042,36210,1
2023-02-21,103198669,60550,37283.92857,1
2023-02-22,103308832,110163,39187.21429,1
2023-02-23,103365511,56679,37389.28571,0
2023-02-24,103378408,12897,37379.07143,0
2023-02-25,103381157,2749,37260.5,0
2023-02-26,103382763,1606,37134.57143,0
2023-02-27,103399827,17064,36701.57143,1
2023-02-28,103443455,43628,36373.64286,1
2023-03-01,103533872,90417,36474.35714,1
2023-03-02,103589757,55885,36131.92857,1
2023-03-03,103648690,58933,36913.71429,0
2023-03-04,103650837,2147,36873.71429,0
2023-03-05,103646975,-3862,36492.71429,0
2023-03-06,103655539,8564,36958.57143,0
2023-03-07,103690910,35371,35160.07143,1
2023-03-08,103755771,64861,31924.21429,1
2023-03-09,103802702,46931,31227.92857,0
